MARCA,Company
123,
1820,
3 OSITOS,
ACEITES Y MANTECAS,
ACTICLOR,
AFFECTIVE,
AIR WICK,
AJI-NO-MEN,
ALIMENTO PARA ANIMALES,
ALIMIAU,
ALKA,
ALL NATURAL,
ALL OTHER,
ALOLIVO,
ALTOMAYO,
ALTOMAYO CLASICO,
ALTOMAYO GOURMET,
ALWAYS,
AMARAS,
AMBAR,
AMBROSOLI,
AMERICANO,
AMIGA,
ANA BELLY,
ANCHOR,
ANCHOR (NESTLE),
ANGEL,
ANITA,
AQUAFRESH,
AQUAMARINE,
ARCOR,
ARIEL,
ARLA M2,
ARM & HAMMER,
AROM.DEL AMBIENTE,
ARRULLITOS,
ASCAN,
ASEPXIA,
ASTRA,
ATLACATL,
ATUNES ENLATADOS,
AURAMI,
AURORA,
AUSTRALIAN,
AUTAN,
AVON,
AXE,
AXION,
AZISTIN,
B&B,
BABARIA,
BABYSEC,
BABYSEC PREMIUM,
BABYSEC SUPER PREMIUM,
BABYSEC ULTRASEC,
BACTEX,
BADIA,
BANQUETE,
BARILLA,
BAYGON,
BAZO VELARDE,
BEBIN,
BENY,
BESO DE MOZA,
BEX,
BIANCHI,
BIGEN,
BIMBO,
BIMBO RENDIDOR,
BIO LAND,
BLACK FLAG,
BLANCA NIEVES,
BLANCOSOL,
BLANCOX,
BLANKITA,
BLANKO,
BLUE II,
BLUE PACIFIC,
BLUE RIVER,
BODY MIST,
BOKITAS,
BOLIVAR,
BOLYGOMA,
BON BON BUM,
BONAWELL,
BONLAC,
BONLE,
BONTEA,
BOOGIE,
BOQUITAS,
BORDEN,
BOTONETAS,
BRASSO,
BRITT ICED,
BUBBALOO,
BUMBLE BEE,
CADBURY,
CAFE INSTANTANEO,
CAFE SOLUBLE S.A.,
CAFE TOSTADO,
CAFETAL,
CAFETAL SELECTO,
CALVO,
CAMPBELL'S,
CAMPERO,
CAMPO FRESCO,
CANCUN,
CANTONESA,
CAPULLO,
CAREFREE,
CAREY,
CAROL,
CAROZZI,
CASA DEL CAFE,
CASCADE,
CASTING,
CENTROLAC,
CERAVE,
CEREAL BAR,
CEREALES,
CEREALES INFANTILES + HOT CEREALS,
CERELAC,
CEREVITA,
CETECO,
CETECO CRECIMIENTO,
CHAO,
CHARISMA,
CHEETOS,
CHIBOLA,
CHICA PICA,
CHICLETS ADAMS,
CHICLIN,
CHIKY,
CHIN CHIN,
CHIQUIBABY,
CHOCMAN,
CHOCO BLAST,
CHOCO BOLAS,
CHOCO CREAM,
CHOCO KRISPIS,
CHOCO PANDA,
CHOCOLISTO,
CHOKIS,
CHOKOS,
CHOYS,
CICATRICURE,
CIELO,
CLIGHT,
CLORANDINA,
CLORETS,
CLOROS Y BLANQUEADORES,
CLOROX,
CLOROX ANTISPLASH,
CLOSE UP,
CLOVER,Clover Foods
CLUB EXTRA,
CLUB SOCIAL,
COAST,
COCINERO,
COCK,
COCLE,
COCOA DULCE,
COEX,
COFFEE DELIGHT,
COLCAFE,
COLGATE,
COLOMBINA,
COLORSILK,
COLT II,
COMERCIAL BREAD,
COMFORT 2,
COMFORT 3,
CONCENTRADOS EN POLVO,
CONDOR,
CONFITERIA AMERICANA,
CONSOME + CALDOS,
CONTINENTAL,
CONTROLLED LABEL,Private Label Co.
CORN FLAKES,
CORN POFFIS,
CORONA,
CORONADO,
COSCAFE,
COTIDIAN,
COUNTRY CROCK,
CREMAS,
CREMAS PARA LA PIEL,
CREMINO REYENITO,
CREMOSO,
CREMY,
CREMY DIETETICA,
CREST,
CRISOL,
CRISP,
CROSOY,
CRUNCH,
CUATRO ROSAS,
CUSCO REAL,
D GUSSTO,
D'GUSSTO,
DANLAC,
DANNON,
DANONE,
DE LA FAMILIA,
DEGREE,
DEL CAFE,
DEL CHEF,
DEL DIA,
DEL MONTE,
DEL NORTE,
DEL PRADO,
DEL RANCHO CHICHARRONES,
DEL SUR,
DELI,
DELI SOYA,
DELISOY,
DELTA,
DENTIFRICOS,
DENTO,
DEST,
DETERGENTES ROPA,
DETERGENTES TRASTES,
DEVAL,
DIANA,
DIANA JALAPENOS,
DIANA NACHOS,
DIAPRO,
DK 12,
DKASA,
DOG CHOW,
DOGUI,
DOLCHE,
DON CAFE,
DON CLIN,
DON GATO,
DON GUSTO,
DON JULIO,
DON MAXIMO,
DON VITTORIO,
DONA BLANCA,
DONA GUSTA,
DONA MARI,
DONOFRIO,
DORADITAS,
DORADO,
DORAL,
DORCO,
DORITOS,
DORUSA,
DOS PINOS,
DOS PINOS IN-LINE,
DOS TIGRES,
DOVE,
DOWNY,
DRINKI,
DUCAL,
DULCES PALETAS,
DULCI-KUHL,
DURAN,
DUREX,
ECCO,
ECONOMILK,
ECOS,
EL ANGEL,
EL CAFETALITO,
EL CHINITO,
EL DORADO,
EL INDIO,
EL MOLINO,El Molino SA
ELITE,
ELMIGO,
ELVIVE,
EN SU PUNTO,
ENCANTO,
ENFAGROW,
ENFAMIL PREMIUM 1,
ENSUENO,
ENSURE,
ENTEREX,
ESENCIAL,
ESKIMO,
ESPUMIL,
ESTRELLA AZUL,
EUCATOL,
EUROPA,
EXCELLENCE,
EXCELLENT,
FAB,
FABULOSO,
FAMILIA,
FAMILYGUARD,
FANCY,
FANNY,
FANS,
FARM HOUSE,
FAVORA,
FEBREZE,
FELIX,
FERRERO,
FIEL AMIGO,
FIELD,
FIORE,
FLASH,
FONTANA,
FOREMOST,
FOREMOST 0% COLESTEROL,
FORT 3,
FRANCESA,
FRESCAVENA,
FRESKA,
FRIJOLES PROCESADOS,
FRITO LAY CHICHARRONES,
FROOT LOOPS,
FRUTY OH'S,
GALA,
GALLETAS,
GALLITO,
GAMA,
GARNIER,
GATI,
GAVIOTA,
GAYMONT'S,
GERBER,
GILLETTE,
GILLETTE OFF BRAND,
GIROL,
GLAD,
GLADE,
GLORIA,
GLUCERNA,
GN,
GOICOECHEA,
GOLD EXPORT,
GOURMET,
GOYA,
GRAN DIA,
GRANADA,
GRANO DE ORO (AGROIND.SANTA MARIA),
GRISI,
GUARDIAN,
GUAYMEX,
GUM,
H&S,
H5,
HALLS,
HAWIT,
HEAD & SHOULDERS,
HEINZ,
HELLMANN'S,
HELMET,
HENO DE PRAVIA,
HERBAL ESSENCES,
HEROS,
HERSHEYS,
HIGIENOL,
HOT COCOA,
HUGGIES,
HUGGIES ACTIVE SEC,
HUGGIES NATURAL CARE,
HUGGIES TRIPLE PROTECCION,
HUNTS,
HYBRID,
ICE BREAKERS,
IDEAL,Ideal S.A.
IDEAL (NESTLE),Ideal
IDEAL (PANAM),Ideal
IGORA,
ILGUA,
INCAPARINA,
INCASA,
INDIO MOCTEZUMA,
INFANT FORMULA,
INKA CHIPS,
INSECTICIDAS,
INSTITUTO ESPANOL,
IREX,
IRISH SPRING,
ISABEL,
ISSIMA,
JABON DE TOCADOR,
JABON EN BARRA P/ROPA,
JACK'S,
JET,
JOHNNY'S,
JOHNSON S,
JOHNSON'S,
JOLIE,
JUAN VALDEZ,
JUEGUITOS,
JUMBO,
K.CORN FLAKES,
K.FROOT LOOPS,
K.ZUCARITAS,
KACHITOS,
KAN KAN,
KANGARU,
KANU,
KARINTO,
KEIKO,
KERN'S,
KETCHUP,
KIMBIES,
KIN,
KINDER,
KISSES,
KLIM,
KLINPIAX,
KNORR,
KOLESTON,
KOLYNOS,
KOMPLETE-MUSLI,
KONZIL,
KOTEX,
KOTEX NORMAL,
KRAFT,
L'OREAL,
LA BONITA,
LA CHIRICANA,
LA CHOLITA,
LA CHULA,
LA COMPLETA,
LA COOPER,
LA COSTENA,
LA DONA,
LA GRANJA,
LA IBERICA,
LA JARRILLITA,
LA MEJOR,
LA MODERNA,
LA NACIONAL,
LA OCA,
LA PARMIGIANA,
LA PATRONA,La Patrona
LA PATRONA (MEX),La Patrona
LA PATRONA (NAL),La Patrona Group
LA PERFECTA,
LA PERLA,
LA POPULAR,
LA PRADERA,
LA PREFERIDA,
LA SIRENA,
LA SULTANA,
LA SUPREMA,
LACTOCREMA,
LACTOSA,
LACTOVIT,
LADY SPEED STICK,
LADYSOFT NORMAL,
LAIVE,
LAKY MEN,
LALA,
LARIANSA,
LAY S,
LAY'S,
LECHE LIQUIDA,
LEGAL,
LEON,
LEYDE,
LEYENDA,
LIDO,
LIGO,
LIGURIA,
LIKE,
LILAC,
LIMPIADORES LIQUIDOS,
LIMPIOX,
LIOTE,
LIPTON,
LITTLE TREES,
LIZANO,
LOA,
LUA,
LUBRIDERM,
LUCCA,
LUCEMA,
LYSOL,
M PROPIAS,
M&M'S,
MACARELA,
MACH 3,
MACH 3 REGULAR,
MADRIGAL,
MAGGI,
MAGIA BLANCA,
MAGIA BLANCA LIMON,
MAGIC RETOUCH,
MAJADA,
MALHER,
MAMALAMA,
MANA,
MAR DE PLATA,
MARA,
MARCAS PROPIAS,
MARFIL,
MARGARINAS Y MANTE,
MARINELA,
MARINELA-MARISELA,
MARSELLA,
MARUCHAN,
MASCULAN,
MAX BLANKO,
MAX PAPPEL,
MAXI,
MAXISOL,
MAXXI,
MAYA,
MAYOLIVA,
MAZOLA,Mazola Inc.
MC CORMICK,
MEDALLA,
MENTITAS,
MENTOS,
MERENDINA,
MI PASTA,
MI VACA,
MI ZZOPITA,
MILANO,
MILEX,
MILKA,
MILO,
MILPA REAL,
MIMADOS,
MINI BUM,
MIRACLE WHIP,
MIRASOL,
MISABOR,
MISTER MUSCULO,
MISTOLIN,
MODIFICADORES DE LECHE,
MOLINOS DEL MUNDO,
MOLITALIA,
MONARCA,
MONCLER,
MONTE AZUL,
MONTES,
MONTEVERDE,
MONTEX,
MORTEIN,
MR MAX,
MRS. PICK FORD'S,
MULTIPAN,
MUSUN,
N. CHOCAPIC,
N.CORN FLAKES,
NA PANCHA,
NAN,
NAN 1,
NAN 2,
NAN 3,
NARANITAS,
NATURA'S,
NATURE VALLEY,
NATURELLA,
NEGRITA,
NEKO,
NESCAFE,
NESQUIK,
NESTLE,
NESTOGENO 1,
NESTOGENO 2,
NESTOGENO 3,
NESTUM,
NEUTRO SKIN CARE,
NEUTROGENA,
NEVADA,
NEVAX,
NICA,
NICARAGUENSE,
NICOLINI,
NIDO,
NIEVE,
NIKKOS,
NISSIN,
NIVEA,
NOBLE,
NOSOTRAS DIAR.NORMAL,
NOSOTRAS INVISIBLE RAPIGEL,
NOSOTRAS NATURAL ALAS TELA GEL,
NOSOTRAS NATURAL BUE.NOCHES,
NOVA,
NOVALIFE,
NUBE BLANCA,
NUGGETS,
NUMAR,
NUTRESA,
NUTRI CORONADO,
NUTRI LETY,
NUTRIBELA 15,
NUTRISKIN,
NUTRISSE,
NUTRIVA,
O MARCAS,
O. MARCAS,
O.MARCAS,Omni Brands
OFF,
OLD SPICE,
OLIMPO,
OLMECA,Olmeca Oils
OPAL,
ORAL B,
ORAL-B,
ORANGE GROVE,
OREO,
ORISOL,Orisol Corp.
ORIX,
ORO,
ORO DE ORIENTE,
OROWEAT,
OTRAS MARCAS,
OTROS,
OUST,
PABO,
PACHICLETA,
PACIFIC FISH,
PACIFICO AZUL,
PALETTE,
PALMOLIVE,
PALMOLIVE NATURALS,
PALMOLIVE OPTIMS,
PAMPERS,
PAMPERS CONFORT SEC,
PAN EMPACADO,
PANALES DESECHABLES,
PANAMA,
PANTENE,
PAPEL HIGIENICO,
PARACAS,
PARMA,
PASCUAL,
PASTAS PARA SOPA,
PASTELITOS,
PATITO,
PATRONA,
PEDIASURE,
PEDIGREE,
PET MASTER,
PETACONES,
PIEL,
PIN POP,
PINESOL,
PINITO,
PINOL,
PL,
PLAGATOX,
PLAYTEX,
PLENITUD,
PLENITUD CLASSIC,
PLENITUD PRACTIPA-AL,
PLENITUD PROTECT,
PLENITUD PROTECT PLUS,
POETT,
POLLO CAMPERO,
POM POM,
POND S,
POND'S,
PORTUGAL,
POTENSOL,
POZUELO,
PREGO,
PREMIER,
PRESTO,
PRESTOBARBA,
PRESTOBARBA 3,
PREVAIL,
PREVENTOR,
PRIMOR,
PRINCE,
PRINCESA,
PRINGLES,
PRIVATE LABEL,Private Label
PRO,
PRONTO,
PROTEINOL,
PROTEX,
PRUDENCE,
PRUDENTIAL,
PRUDENTIAL CONFORT,
PURA VIDA (GLORIA),
PURE + CALDILLO DE TOMATE,
PURELA,
PUROPAN,
PYC,
QUAKER,
QUAKER CORAZON,
QUATTRO TITANIUM,
QUERUBIN,
QUESITOS,
QUESOS PROCESADOS,
QUETZAL,
QUINOA BARS,
RAID,
RAIDOLITOS,
RAMBOCAN,
RANCHITAS,
REACH,
REFIL,
REGIA,
REINA,
RENDIPEL,
RENUZIT,
REVLON,
REXONA,
REY,
RIKA,
RIKO,
RIMITH,
RINSO,
RITZ,
RIZADAS,
ROBERTONI,
RODITAS,
ROKU,
ROMA,
ROSAL,
ROSVILL,
ROUGH,
ROY VIGAN,
ROYAL,
RUFO,
RUMBA,
SABA,
SALUD,
SALVO,
SAM,
SAN CARLOS,
SAN ISIDRO,
SAN JORGE,
SAN JULIAN,
SAN LUIS,
SAN MATEO,
SANDWICH,
SANIITO,
SANTA CATALINA,
SANTA CRUZ,
SANTA GRACIA,
SANTA LIBRADA,
SAO,
SAPOLIO,
SARDIMAR,
SARDINAS ENLATADAS,
SASA,
SASSON,
SAVILE,
SAVITAL,
SCOTT,
SCUDO,
SEDAL,
SEGOVIA,
SELECTO,
SELLO ROJO,
SENSATIONS,
SENSODYNE,
SHAKA LAKA,
SHAMPOO,
SHAVER SENSITIVE,
SIMILAC,
SIMILAC 1,
SIMILAC 2,
SIMILAC 3,
SINAI,
SIP,
SKITTLES,
SMILK,
SNICKERS,
SOFT COLOR,
SOL DEL CUSCO,
SOLENTI,
SOPAS PREPARADAS,
SOYA BUNGE,
SPEED STICK,
SPLASH,
SPUM,
STARS,
STAYFREE,
STEFANIE JOAN,
SUAVE,
SUAVE (KIMBERLY-CLARK),
SUAVISSIMO,
SUAVITEL,
SUAVIZANTES,
SUBLIME,
SULA,
SUPER,
SUPER MARFIL,
SUPER PAN,
SUPER PERRO,
SUPER PRO,
SUPER WHITE,
SUPERIOR,
SURF,
SUSTAGEN,
SWIFT,
TAHONA,
TAMPAX,
TANG,
TANG MIX,
TAQUERITOS,
TASTY CHOICE,
TEATRICAL,
TEDDIES,
TENA,
TENA SLIP ULTRA,
TENA ULTRA,
TERSO,
TESORO DEL MAR,
TESS,
TEX,
TIC TAC,
TIGO,
TIPITIN,
TOKI,
TOLEDO,
TONOS,
TORO,
TORTRIX,
TOSH,
TREBOLAC,
TRIANGULO,
TRIDENT,
TRIJUELAS,
TROJAN,
TROME (ALICORP),
TRONEX,
TROPI KUHL,
TULIPAN,
TUSIFIN,
TUTTO,
TWIN SELECT,
ULTRA KLIN,
ULTRABARBA,
ULTRAGRIP 2,
UMSHA,
UNICA,
UNICO,
UNIDUS,
UNION,
UNIVERSAL,
UNOX,
VAKIMU,
VAMYS,
VAN CAMP S,
VANISH,
VANISH REGULAR,
VANISH WHITE,
VAPE,
VEL,
VENUS,
VERDE MAR,
VERO,
VICK,
VICTORIA,
VIGOR,
VIGUI,
VILLA NATURA,
VILLITA,
VISCOSOS,
VITIS,
VIVE,
VIZZIO,
VOLIO,
VUENO,
WALTER SCOTTS,
WIESE,
WILD,
WILLY,
WINTER S,
WRIGLEY S,
XEDEX,
XIOMARA NUTRINT,
XTRA,
XTREME 3,
YA,
YAVAROS,
YES,
YODORA,
YOGUETA,
YOGURT,
YOLEIT,
YOMOST,
YOPLAIT,
YUS TOKI,
ZAGAZ,
ZAMBOS,
ZARA,
ZARCERENA,
ZARCERENA PANADERIA,
ZARCERO,
ZIBAS,
ZIXX,
ZORRITONE,
ZUCARITAS,
ZUKO,
